,Feature Selection Program,R2 Score
3,"1,0,1,0,0,1,1,0,1,1,0,0",0.47608618198906527
0,"0,1,0,0,1,0,0,0,0,1,0,1",0.46529105377479407
2,"0,1,0,0,0,0,0,0,0,1,0,1",0.12100083916383375
1,"0,0,0,0,0,0,1,0,0,0,0,0",-0.10081164549254402
