,Feature Selection Program,R2 Score
6,"1,1,1,0,1,1,0,1,1,1,0,1,0,1,1,0",0.5213136788203443
0,"1,1,1,0,1,1,0,1,1,1,0,1,0,0,1,0",0.5118365792931916
2,"0,0,1,1,1,0,1,0,1,0,1,0,1,0,0,1",0.4860042711830115
5,"0,0,1,1,1,0,1,1,0,0,0,0,1,0,0,1",0.4460249151893369
3,"0,1,0,0,1,1,0,1,1,1,0,0,0,0,0,0",0.2790267579058717
4,"1,0,0,0,0,0,1,0,0,1,0,1,0,0,0,0",0.2765230911249928
1,"0,1,0,0,0,0,0,0,0,0,0,1,0,0,0,0",-0.37402317924395084
