,Feature Selection Program,R2 Score
2,"1,1,1,1,0,0,1,1,1,1,0,1,0,0,1,1",0.5402433712105236
6,"0,1,1,1,0,0,1,1,1,0,0,1,0,1,1,1",0.5376513379698871
1,"1,1,1,0,1,0,0,0,0,1,0,1,1,1,0,1",0.4349205261329859
0,"0,0,1,1,1,0,1,0,1,0,1,1,1,0,0,0",0.36240237269419556
4,"0,0,1,1,0,0,0,1,1,0,0,1,0,0,0,0",0.3114028673605379
3,"0,1,0,0,0,0,0,0,0,1,0,0,0,1,0,1",0.24585910959332774
5,"0,1,0,0,0,0,0,0,0,0,0,0,0,1,0,1",0.2077783144814261
