,Feature Selection Program,R2 Score
4,"1,1,0,0,1,1,1,0,1",0.415190675713378
3,"1,1,0,0,1,0,1,0,1",0.4125566663787567
2,"1,1,0,1,0,0,0,0,1",0.3989610216749687
1,"1,1,0,0,0,0,0,0,1",0.3601702909337856
0,"0,1,0,0,0,0,0,0,0",-0.2763250906471198
